Workbook
Name Month_Col: Data!$B$2:$B$601
Name Site_Col: Data!$C$2:$C$601
Name Dept_Col: Data!$D$2:$D$601
Name Admissions: Data!$E$2:$E$601
Name Discharges: Data!$F$2:$F$601
Name Bed_Days: Data!$G$2:$G$601
Name Available_Bed_Days: Data!$H$2:$H$601
Name LOS: Data!$I$2:$I$601
Name Billing_Days: Data!$J$2:$J$601
Name Claims_Submitted: Data!$K$2:$K$601
Name Claims_Denied: Data!$L$2:$L$601
Name Summary_Months: Summary!$A$19:$A$30

Sheet Read Me
B2: Hospital Operations Dashboard
B4: PURPOSE
B5: A monthly operations pack for a ten-site hospital network across five departments. It takes a flat transactional table,
B6: derives per-row metrics, summarises them by department and by month with SUMIFS / SUMPRODUCT, flags threshold breaches,
B7: and shows the result on a single dashboard with KPI cards and four charts. The structure mirrors a hospital analytics
B8: internship deliverable: define the KPIs, build the reporting layer, monitor against targets.
B10: THE FIVE METRICS (be able to define all of these cold)
B11: 1. Average Length of Stay (days) = Total bed days / Discharges. Weighted by discharges when aggregated.
B12: 2. Bed Occupancy Rate (%) = Total bed days used / Available bed days (beds x days in month).
B13: 3. Admissions and Discharges (counts) = patients admitted and patients discharged in the month. Their gap is the change in census.
B14: 4. Billing Cycle Time (days) = days from discharge to bill finalisation. Weighted by discharges when aggregated.
B15: 5. Claim Denial Rate (%) = Claims denied / Claims submitted.
... B45: A PivotTable can be added on the Data sheet in Excel (Insert > PivotTable) in two clicks; it is not generated here because openpyxl cannot write pivot caches.

Sheet Data
A1: Record ID | B1: Month | C1: Site | D1: Department | E1: Admissions | F1: Discharges | G1: Total Bed Days | H1: Available Bed Days | I1: Length of Stay | J1: Billing Cycle Days | K1: Claims Submitted | L1: Claims Denied
A2: HOSP-0001 | B2: 45658 | C2: Site 01 | D2: Cardiology | E2: 130 | F2: 126 | G2: 678 | H2: 682 | I2: 5.38 | J2: 11.9 | K2: 113 | L2: 8
A3: HOSP-0002 | B3: 45658 | C3: Site 01 | D3: Orthopaedics | E3: 90 | F3: 96 | G3: 568 | H3: 589 | I3: 5.92 | J3: 15.5 | K3: 87 | L3: 11
A4: HOSP-0003 | B4: 45658 | C4: Site 01 | D4: General Medicine | E4: 167 | F4: 161 | G4: 657 | H4: 744 | I4: 4.08 | J4: 7.6 | K4: 141 | L4: 9
A5: HOSP-0004 | B5: 45658 | C5: Site 01 | D5: Nephrology | E5: 66 | F5: 72 | G5: 543 | H5: 558 | I5: 7.54 | J5: 15.7 | K5: 67 | L5: 5
A6: HOSP-0005 | B6: 45658 | C6: Site 01 | D6: Paediatrics | E6: 94 | F6: 88 | G6: 300 | H6: 341 | I6: 3.41 | J6: 6.4 | K6: 79 | L6: 3
A7: HOSP-0006 | B7: 45658 | C7: Site 02 | D7: Cardiology | E7: 116 | F7: 116 | G7: 649 | H7: 682 | I7: 5.59 | J7: 11.2 | K7: 107 | L7: 9
A8: HOSP-0007 | B8: 45658 | C8: Site 02 | D8: Orthopaedics | E8: 80 | F8: 85 | G8: 562 | H8: 589 | I8: 6.61 | J8: 14.4 | K8: 74 | L8: 10
A9: HOSP-0008 | B9: 45658 | C9: Site 02 | D9: General Medicine | E9: 162 | F9: 159 | G9: 680 | H9: 744 | I9: 4.28 | J9: 6.6 | K9: 147 | L9: 8
A10: HOSP-0009 | B10: 45658 | C10: Site 02 | D10: Nephrology | E10: 56 | F10: 50 | G10: 425 | H10: 558 | I10: 8.5 | J10: 11.2 | K10: 45 | L10: 3
A11: HOSP-0010 | B11: 45658 | C11: Site 02 | D11: Paediatrics | E11: 88 | F11: 83 | G11: 268 | H11: 341 | I11: 3.23 | J11: 7 | K11: 75 | L11: 4
A12: HOSP-0011 | B12: 45658 | C12: Site 03 | D12: Cardiology | E12: 123 | F12: 121 | G12: 681 | H12: 682 | I12: 5.63 | J12: 10.3 | K12: 112 | L12: 7
A13: HOSP-0012 | B13: 45658 | C13: Site 03 | D13: Orthopaedics | E13: 84 | F13: 83 | G13: 537 | H13: 589 | I13: 6.47 | J13: 14.2 | K13: 76 | L13: 9
... A601: HOSP-0600 | B601: 45992 | C601: Site 10 | D601: Paediatrics | E601: 87 | F601: 87 | G601: 273 | H601: 341 | I601: 3.14 | J601: 6.3 | K601: 77 | L601: 3

Sheet Calculations
A1: Record ID | B1: Month | C1: Department | D1: Occupancy Rate | E1: Denial Rate | F1: Discharge Variance | G1: LOS check (bed days / discharges) | H1: LOS matches Data? | J1: Formulas (row 2 shown as text):
A2: =Data!A2 | B2: =Data!B2 | C2: =Data!D2 | D2: =IFERROR(Data!G2/Data!H2,0) | E2: =IFERROR(Data!L2/Data!K2,0) | F2: =Data!F2-Data!E2 | G2: =IFERROR(Data!G2/Data!F2,0) | H2: =IF(ABS(G2-Data!I2)<Summary!$B$4,"OK","CHECK") | J2: Occupancy = IFERROR(Data!G2 / Data!H2, 0) bed days used / bed days available
A3: =Data!A3 | B3: =Data!B3 | C3: =Data!D3 | D3: =IFERROR(Data!G3/Data!H3,0) | E3: =IFERROR(Data!L3/Data!K3,0) | F3: =Data!F3-Data!E3 | G3: =IFERROR(Data!G3/Data!F3,0) | H3: =IF(ABS(G3-Data!I3)<Summary!$B$4,"OK","CHECK") | J3: Denial rate = IFERROR(Data!L2 / Data!K2, 0) claims denied / claims submitted
A4: =Data!A4 | B4: =Data!B4 | C4: =Data!D4 | D4: =IFERROR(Data!G4/Data!H4,0) | E4: =IFERROR(Data!L4/Data!K4,0) | F4: =Data!F4-Data!E4 | G4: =IFERROR(Data!G4/Data!F4,0) | H4: =IF(ABS(G4-Data!I4)<Summary!$B$4,"OK","CHECK") | J4: Discharge variance = Data!F2 - Data!E2 discharges minus admissions
A5: =Data!A5 | B5: =Data!B5 | C5: =Data!D5 | D5: =IFERROR(Data!G5/Data!H5,0) | E5: =IFERROR(Data!L5/Data!K5,0) | F5: =Data!F5-Data!E5 | G5: =IFERROR(Data!G5/Data!F5,0) | H5: =IF(ABS(G5-Data!I5)<Summary!$B$4,"OK","CHECK") | J5: LOS check = IFERROR(Data!G2 / Data!F2, 0) recomputes LOS from bed days; column H flags any row where it drifts from the stored LOS by more than the tolerance on Summary!B4
A6: =Data!A6 | B6: =Data!B6 | C6: =Data!D6 | D6: =IFERROR(Data!G6/Data!H6,0) | E6: =IFERROR(Data!L6/Data!K6,0) | F6: =Data!F6-Data!E6 | G6: =IFERROR(Data!G6/Data!F6,0) | H6: =IF(ABS(G6-Data!I6)<Summary!$B$4,"OK","CHECK")
A7: =Data!A7 | B7: =Data!B7 | C7: =Data!D7 | D7: =IFERROR(Data!G7/Data!H7,0) | E7: =IFERROR(Data!L7/Data!K7,0) | F7: =Data!F7-Data!E7 | G7: =IFERROR(Data!G7/Data!F7,0) | H7: =IF(ABS(G7-Data!I7)<Summary!$B$4,"OK","CHECK")
A8: =Data!A8 | B8: =Data!B8 | C8: =Data!D8 | D8: =IFERROR(Data!G8/Data!H8,0) | E8: =IFERROR(Data!L8/Data!K8,0) | F8: =Data!F8-Data!E8 | G8: =IFERROR(Data!G8/Data!F8,0) | H8: =IF(ABS(G8-Data!I8)<Summary!$B$4,"OK","CHECK")
A9: =Data!A9 | B9: =Data!B9 | C9: =Data!D9 | D9: =IFERROR(Data!G9/Data!H9,0) | E9: =IFERROR(Data!L9/Data!K9,0) | F9: =Data!F9-Data!E9 | G9: =IFERROR(Data!G9/Data!F9,0) | H9: =IF(ABS(G9-Data!I9)<Summary!$B$4,"OK","CHECK")
A10: =Data!A10 | B10: =Data!B10 | C10: =Data!D10 | D10: =IFERROR(Data!G10/Data!H10,0) | E10: =IFERROR(Data!L10/Data!K10,0) | F10: =Data!F10-Data!E10 | G10: =IFERROR(Data!G10/Data!F10,0) | H10: =IF(ABS(G10-Data!I10)<Summary!$B$4,"OK","CHECK")
A11: =Data!A11 | B11: =Data!B11 | C11: =Data!D11 | D11: =IFERROR(Data!G11/Data!H11,0) | E11: =IFERROR(Data!L11/Data!K11,0) | F11: =Data!F11-Data!E11 | G11: =IFERROR(Data!G11/Data!F11,0) | H11: =IF(ABS(G11-Data!I11)<Summary!$B$4,"OK","CHECK")
A12: =Data!A12 | B12: =Data!B12 | C12: =Data!D12 | D12: =IFERROR(Data!G12/Data!H12,0) | E12: =IFERROR(Data!L12/Data!K12,0) | F12: =Data!F12-Data!E12 | G12: =IFERROR(Data!G12/Data!F12,0) | H12: =IF(ABS(G12-Data!I12)<Summary!$B$4,"OK","CHECK")
A13: =Data!A13 | B13: =Data!B13 | C13: =Data!D13 | D13: =IFERROR(Data!G13/Data!H13,0) | E13: =IFERROR(Data!L13/Data!K13,0) | F13: =Data!F13-Data!E13 | G13: =IFERROR(Data!G13/Data!F13,0) | H13: =IF(ABS(G13-Data!I13)<Summary!$B$4,"OK","CHECK")
A14: =Data!A14 | B14: =Data!B14 | C14: =Data!D14 | D14: =IFERROR(Data!G14/Data!H14,0) | E14: =IFERROR(Data!L14/Data!K14,0) | F14: =Data!F14-Data!E14 | G14: =IFERROR(Data!G14/Data!F14,0) | H14: =IF(ABS(G14-Data!I14)<Summary!$B$4,"OK","CHECK")
A15: =Data!A15 | B15: =Data!B15 | C15: =Data!D15 | D15: =IFERROR(Data!G15/Data!H15,0) | E15: =IFERROR(Data!L15/Data!K15,0) | F15: =Data!F15-Data!E15 | G15: =IFERROR(Data!G15/Data!F15,0) | H15: =IF(ABS(G15-Data!I15)<Summary!$B$4,"OK","CHECK")
A16: =Data!A16 | B16: =Data!B16 | C16: =Data!D16 | D16: =IFERROR(Data!G16/Data!H16,0) | E16: =IFERROR(Data!L16/Data!K16,0) | F16: =Data!F16-Data!E16 | G16: =IFERROR(Data!G16/Data!F16,0) | H16: =IF(ABS(G16-Data!I16)<Summary!$B$4,"OK","CHECK")
A17: =Data!A17 | B17: =Data!B17 | C17: =Data!D17 | D17: =IFERROR(Data!G17/Data!H17,0) | E17: =IFERROR(Data!L17/Data!K17,0) | F17: =Data!F17-Data!E17 | G17: =IFERROR(Data!G17/Data!F17,0) | H17: =IF(ABS(G17-Data!I17)<Summary!$B$4,"OK","CHECK")
... A601: =Data!A601 | B601: =Data!B601 | C601: =Data!D601 | D601: =IFERROR(Data!G601/Data!H601,0) | E601: =IFERROR(Data!L601/Data!K601,0) | F601: =Data!F601-Data!E601 | G601: =IFERROR(Data!G601/Data!F601,0) | H601: =IF(ABS(G601-Data!I601)<Summary!$B$4,"OK","CHECK")

Sheet Summary
A1: Summary tables (SUMIFS / SUMPRODUCT over the Data sheet)
A2: Every figure below is a formula over named ranges on the Data sheet (Admissions, Discharges, Bed_Days, ...). Nothing is typed in except the blue cells.
A4: LOS rounding tolerance | B4: 0.01 | C4: Used by Calculations!H. Stored LOS is rounded to 2 dp, so a 0.01 tolerance is expected.
A6: METRICS BY DEPARTMENT (full year)
A7: Department | B7: Admissions | C7: Discharges | D7: Total Bed Days | E7: Available Bed Days | F7: Occupancy Rate | G7: Avg LOS (weighted) | H7: Billing Cycle (weighted) | I7: Claims Submitted | J7: Claims Denied | K7: Denial Rate
A8: Cardiology | B8: =SUMIFS(Admissions,Dept_Col,$A8) | C8: =SUMIFS(Discharges,Dept_Col,$A8) | D8: =SUMIFS(Bed_Days,Dept_Col,$A8) | E8: =SUMIFS(Available_Bed_Days,Dept_Col,$A8) | F8: =IFERROR(D8/E8,0) | G8: =IFERROR(D8/C8,0) | H8: =IFERROR(SUMPRODUCT((Dept_Col=$A8)*Billing_Days*Discharges)/C8,0) | I8: =SUMIFS(Claims_Submitted,Dept_Col,$A8) | J8: =SUMIFS(Claims_Denied,Dept_Col,$A8) | K8: =IFERROR(J8/I8,0)
A9: Orthopaedics | B9: =SUMIFS(Admissions,Dept_Col,$A9) | C9: =SUMIFS(Discharges,Dept_Col,$A9) | D9: =SUMIFS(Bed_Days,Dept_Col,$A9) | E9: =SUMIFS(Available_Bed_Days,Dept_Col,$A9) | F9: =IFERROR(D9/E9,0) | G9: =IFERROR(D9/C9,0) | H9: =IFERROR(SUMPRODUCT((Dept_Col=$A9)*Billing_Days*Discharges)/C9,0) | I9: =SUMIFS(Claims_Submitted,Dept_Col,$A9) | J9: =SUMIFS(Claims_Denied,Dept_Col,$A9) | K9: =IFERROR(J9/I9,0)
A10: General Medicine | B10: =SUMIFS(Admissions,Dept_Col,$A10) | C10: =SUMIFS(Discharges,Dept_Col,$A10) | D10: =SUMIFS(Bed_Days,Dept_Col,$A10) | E10: =SUMIFS(Available_Bed_Days,Dept_Col,$A10) | F10: =IFERROR(D10/E10,0) | G10: =IFERROR(D10/C10,0) | H10: =IFERROR(SUMPRODUCT((Dept_Col=$A10)*Billing_Days*Discharges)/C10,0) | I10: =SUMIFS(Claims_Submitted,Dept_Col,$A10) | J10: =SUMIFS(Claims_Denied,Dept_Col,$A10) | K10: =IFERROR(J10/I10,0)
A11: Nephrology | B11: =SUMIFS(Admissions,Dept_Col,$A11) | C11: =SUMIFS(Discharges,Dept_Col,$A11) | D11: =SUMIFS(Bed_Days,Dept_Col,$A11) | E11: =SUMIFS(Available_Bed_Days,Dept_Col,$A11) | F11: =IFERROR(D11/E11,0) | G11: =IFERROR(D11/C11,0) | H11: =IFERROR(SUMPRODUCT((Dept_Col=$A11)*Billing_Days*Discharges)/C11,0) | I11: =SUMIFS(Claims_Submitted,Dept_Col,$A11) | J11: =SUMIFS(Claims_Denied,Dept_Col,$A11) | K11: =IFERROR(J11/I11,0)
A12: Paediatrics | B12: =SUMIFS(Admissions,Dept_Col,$A12) | C12: =SUMIFS(Discharges,Dept_Col,$A12) | D12: =SUMIFS(Bed_Days,Dept_Col,$A12) | E12: =SUMIFS(Available_Bed_Days,Dept_Col,$A12) | F12: =IFERROR(D12/E12,0) | G12: =IFERROR(D12/C12,0) | H12: =IFERROR(SUMPRODUCT((Dept_Col=$A12)*Billing_Days*Discharges)/C12,0) | I12: =SUMIFS(Claims_Submitted,Dept_Col,$A12) | J12: =SUMIFS(Claims_Denied,Dept_Col,$A12) | K12: =IFERROR(J12/I12,0)
A13: Network total | B13: =SUM(B8:B12) | C13: =SUM(C8:C12) | D13: =SUM(D8:D12) | E13: =SUM(E8:E12) | F13: =IFERROR(D13/E13,0) | G13: =IFERROR(D13/C13,0) | H13: =IFERROR(SUMPRODUCT(Billing_Days,Discharges)/C13,0) | I13: =SUM(I8:I12) | J13: =SUM(J8:J12) | K13: =IFERROR(J13/I13,0)
A14: Weighted LOS = total bed days / total discharges. Plain average of the five department LOS values would be wrong; see Read Me.
A15: Weighted billing cycle = SUMPRODUCT((Dept_Col = dept) * Billing_Days * Discharges) / Discharges. The boolean test inside SUMPRODUCT acts as the filter.
A17: METRICS BY MONTH (all sites, all departments)
A18: Month | B18: Admissions | C18: Discharges | D18: Total Bed Days | E18: Available Bed Days | F18: Occupancy Rate | G18: Avg LOS (weighted) | H18: Billing Cycle (weighted) | I18: Claims Submitted | J18: Claims Denied | K18: Denial Rate
A19: 45658 | B19: =SUMIFS(Admissions,Month_Col,$A19) | C19: =SUMIFS(Discharges,Month_Col,$A19) | D19: =SUMIFS(Bed_Days,Month_Col,$A19) | E19: =SUMIFS(Available_Bed_Days,Month_Col,$A19) | F19: =IFERROR(D19/E19,0) | G19: =IFERROR(D19/C19,0) | H19: =IFERROR(SUMPRODUCT((Month_Col=$A19)*Billing_Days*Discharges)/C19,0) | I19: =SUMIFS(Claims_Submitted,Month_Col,$A19) | J19: =SUMIFS(Claims_Denied,Month_Col,$A19) | K19: =IFERROR(J19/I19,0)
A20: 45689 | B20: =SUMIFS(Admissions,Month_Col,$A20) | C20: =SUMIFS(Discharges,Month_Col,$A20) | D20: =SUMIFS(Bed_Days,Month_Col,$A20) | E20: =SUMIFS(Available_Bed_Days,Month_Col,$A20) | F20: =IFERROR(D20/E20,0) | G20: =IFERROR(D20/C20,0) | H20: =IFERROR(SUMPRODUCT((Month_Col=$A20)*Billing_Days*Discharges)/C20,0) | I20: =SUMIFS(Claims_Submitted,Month_Col,$A20) | J20: =SUMIFS(Claims_Denied,Month_Col,$A20) | K20: =IFERROR(J20/I20,0)
A21: 45717 | B21: =SUMIFS(Admissions,Month_Col,$A21) | C21: =SUMIFS(Discharges,Month_Col,$A21) | D21: =SUMIFS(Bed_Days,Month_Col,$A21) | E21: =SUMIFS(Available_Bed_Days,Month_Col,$A21) | F21: =IFERROR(D21/E21,0) | G21: =IFERROR(D21/C21,0) | H21: =IFERROR(SUMPRODUCT((Month_Col=$A21)*Billing_Days*Discharges)/C21,0) | I21: =SUMIFS(Claims_Submitted,Month_Col,$A21) | J21: =SUMIFS(Claims_Denied,Month_Col,$A21) | K21: =IFERROR(J21/I21,0)
A22: 45748 | B22: =SUMIFS(Admissions,Month_Col,$A22) | C22: =SUMIFS(Discharges,Month_Col,$A22) | D22: =SUMIFS(Bed_Days,Month_Col,$A22) | E22: =SUMIFS(Available_Bed_Days,Month_Col,$A22) | F22: =IFERROR(D22/E22,0) | G22: =IFERROR(D22/C22,0) | H22: =IFERROR(SUMPRODUCT((Month_Col=$A22)*Billing_Days*Discharges)/C22,0) | I22: =SUMIFS(Claims_Submitted,Month_Col,$A22) | J22: =SUMIFS(Claims_Denied,Month_Col,$A22) | K22: =IFERROR(J22/I22,0)
A23: 45778 | B23: =SUMIFS(Admissions,Month_Col,$A23) | C23: =SUMIFS(Discharges,Month_Col,$A23) | D23: =SUMIFS(Bed_Days,Month_Col,$A23) | E23: =SUMIFS(Available_Bed_Days,Month_Col,$A23) | F23: =IFERROR(D23/E23,0) | G23: =IFERROR(D23/C23,0) | H23: =IFERROR(SUMPRODUCT((Month_Col=$A23)*Billing_Days*Discharges)/C23,0) | I23: =SUMIFS(Claims_Submitted,Month_Col,$A23) | J23: =SUMIFS(Claims_Denied,Month_Col,$A23) | K23: =IFERROR(J23/I23,0)
A24: 45809 | B24: =SUMIFS(Admissions,Month_Col,$A24) | C24: =SUMIFS(Discharges,Month_Col,$A24) | D24: =SUMIFS(Bed_Days,Month_Col,$A24) | E24: =SUMIFS(Available_Bed_Days,Month_Col,$A24) | F24: =IFERROR(D24/E24,0) | G24: =IFERROR(D24/C24,0) | H24: =IFERROR(SUMPRODUCT((Month_Col=$A24)*Billing_Days*Discharges)/C24,0) | I24: =SUMIFS(Claims_Submitted,Month_Col,$A24) | J24: =SUMIFS(Claims_Denied,Month_Col,$A24) | K24: =IFERROR(J24/I24,0)
A25: 45839 | B25: =SUMIFS(Admissions,Month_Col,$A25) | C25: =SUMIFS(Discharges,Month_Col,$A25) | D25: =SUMIFS(Bed_Days,Month_Col,$A25) | E25: =SUMIFS(Available_Bed_Days,Month_Col,$A25) | F25: =IFERROR(D25/E25,0) | G25: =IFERROR(D25/C25,0) | H25: =IFERROR(SUMPRODUCT((Month_Col=$A25)*Billing_Days*Discharges)/C25,0) | I25: =SUMIFS(Claims_Submitted,Month_Col,$A25) | J25: =SUMIFS(Claims_Denied,Month_Col,$A25) | K25: =IFERROR(J25/I25,0)
A26: 45870 | B26: =SUMIFS(Admissions,Month_Col,$A26) | C26: =SUMIFS(Discharges,Month_Col,$A26) | D26: =SUMIFS(Bed_Days,Month_Col,$A26) | E26: =SUMIFS(Available_Bed_Days,Month_Col,$A26) | F26: =IFERROR(D26/E26,0) | G26: =IFERROR(D26/C26,0) | H26: =IFERROR(SUMPRODUCT((Month_Col=$A26)*Billing_Days*Discharges)/C26,0) | I26: =SUMIFS(Claims_Submitted,Month_Col,$A26) | J26: =SUMIFS(Claims_Denied,Month_Col,$A26) | K26: =IFERROR(J26/I26,0)
A27: 45901 | B27: =SUMIFS(Admissions,Month_Col,$A27) | C27: =SUMIFS(Discharges,Month_Col,$A27) | D27: =SUMIFS(Bed_Days,Month_Col,$A27) | E27: =SUMIFS(Available_Bed_Days,Month_Col,$A27) | F27: =IFERROR(D27/E27,0) | G27: =IFERROR(D27/C27,0) | H27: =IFERROR(SUMPRODUCT((Month_Col=$A27)*Billing_Days*Discharges)/C27,0) | I27: =SUMIFS(Claims_Submitted,Month_Col,$A27) | J27: =SUMIFS(Claims_Denied,Month_Col,$A27) | K27: =IFERROR(J27/I27,0)
A28: 45931 | B28: =SUMIFS(Admissions,Month_Col,$A28) | C28: =SUMIFS(Discharges,Month_Col,$A28) | D28: =SUMIFS(Bed_Days,Month_Col,$A28) | E28: =SUMIFS(Available_Bed_Days,Month_Col,$A28) | F28: =IFERROR(D28/E28,0) | G28: =IFERROR(D28/C28,0) | H28: =IFERROR(SUMPRODUCT((Month_Col=$A28)*Billing_Days*Discharges)/C28,0) | I28: =SUMIFS(Claims_Submitted,Month_Col,$A28) | J28: =SUMIFS(Claims_Denied,Month_Col,$A28) | K28: =IFERROR(J28/I28,0)
A29: 45962 | B29: =SUMIFS(Admissions,Month_Col,$A29) | C29: =SUMIFS(Discharges,Month_Col,$A29) | D29: =SUMIFS(Bed_Days,Month_Col,$A29) | E29: =SUMIFS(Available_Bed_Days,Month_Col,$A29) | F29: =IFERROR(D29/E29,0) | G29: =IFERROR(D29/C29,0) | H29: =IFERROR(SUMPRODUCT((Month_Col=$A29)*Billing_Days*Discharges)/C29,0) | I29: =SUMIFS(Claims_Submitted,Month_Col,$A29) | J29: =SUMIFS(Claims_Denied,Month_Col,$A29) | K29: =IFERROR(J29/I29,0)
A30: 45992 | B30: =SUMIFS(Admissions,Month_Col,$A30) | C30: =SUMIFS(Discharges,Month_Col,$A30) | D30: =SUMIFS(Bed_Days,Month_Col,$A30) | E30: =SUMIFS(Available_Bed_Days,Month_Col,$A30) | F30: =IFERROR(D30/E30,0) | G30: =IFERROR(D30/C30,0) | H30: =IFERROR(SUMPRODUCT((Month_Col=$A30)*Billing_Days*Discharges)/C30,0) | I30: =SUMIFS(Claims_Submitted,Month_Col,$A30) | J30: =SUMIFS(Claims_Denied,Month_Col,$A30) | K30: =IFERROR(J30/I30,0)
A31: Month labels in column A are the twelve first-of-month dates that appear in Data. They are the only typed-in values in this table (blue).
A33: THRESHOLD MONITOR (latest month vs target)
A34: Latest month in Data | B34: =MAX(Month_Col) | C34: Amber tolerance | D34: 0.1 | E34: Amber = within this % of target on the wrong side. Illustrative - not sourced.
A36: Metric | B36: Target | C36: Better when | D36: Latest month actual | E36: Status | F36: Note
A37: Avg LOS (days) | B37: 4.75 | C37: Lower | D37: =INDEX($G$19:$G$30,MATCH($B$34,Summary_Months,0)) | E37: =IF($C37="Lower",IF($D37<=$B37,"Green",IF($D37<=$B37*(1+$D$34),"Amber","Red")),IF($D37>=$B37,"Green",IF($D37>=$B37*(1-$D$34),"Amber","Red"))) | F37: Target is illustrative - not sourced. Set it from your own hospital's policy.
A38: Bed Occupancy Rate | B38: 0.85 | C38: Higher | D38: =INDEX($F$19:$F$30,MATCH($B$34,Summary_Months,0)) | E38: =IF($C38="Lower",IF($D38<=$B38,"Green",IF($D38<=$B38*(1+$D$34),"Amber","Red")),IF($D38>=$B38,"Green",IF($D38>=$B38*(1-$D$34),"Amber","Red"))) | F38: Target is illustrative - not sourced. Set it from your own hospital's policy.
A39: Discharges (count) | B39: 5000 | C39: Higher | D39: =INDEX($C$19:$C$30,MATCH($B$34,Summary_Months,0)) | E39: =IF($C39="Lower",IF($D39<=$B39,"Green",IF($D39<=$B39*(1+$D$34),"Amber","Red")),IF($D39>=$B39,"Green",IF($D39>=$B39*(1-$D$34),"Amber","Red"))) | F39: Target is illustrative - not sourced. Set it from your own hospital's policy.
A40: Billing Cycle (days) | B40: 8.5 | C40: Lower | D40: =INDEX($H$19:$H$30,MATCH($B$34,Summary_Months,0)) | E40: =IF($C40="Lower",IF($D40<=$B40,"Green",IF($D40<=$B40*(1+$D$34),"Amber","Red")),IF($D40>=$B40,"Green",IF($D40>=$B40*(1-$D$34),"Amber","Red"))) | F40: Target is illustrative - not sourced. Set it from your own hospital's policy.
A41: Claim Denial Rate | B41: 0.07 | C41: Lower | D41: =INDEX($K$19:$K$30,MATCH($B$34,Summary_Months,0)) | E41: =IF($C41="Lower",IF($D41<=$B41,"Green",IF($D41<=$B41*(1+$D$34),"Amber","Red")),IF($D41>=$B41,"Green",IF($D41>=$B41*(1-$D$34),"Amber","Red"))) | F41: Target is illustrative - not sourced. Set it from your own hospital's policy.
A43: Status logic (row 37 as text):
A44: =IF(C37="Lower", IF(D37<=B37,"Green", IF(D37<=B37*(1+D34),"Amber","Red")), IF(D37>=B37,"Green", IF(D37>=B37*(1-D34),"Amber","Red")))
A45: Latest month actual = INDEX(month table column, MATCH(latest month, Summary_Months, 0)). Change the target or tolerance (blue) and the flags update.

Sheet Dashboard
A1: Operations Dashboard
A2: =CONCATENATE("Latest month: ",TEXT(Summary!$B$34,"mmm yyyy"))
A3: Current month | B3: =Summary!$B$34 | C3: Row in month table | D3: =MATCH(B3,Summary_Months,0)
A4: Prior month | B4: =EDATE(B3,-1) | C4: (INDEX/MATCH keys) | D4: =MATCH(B4,Summary_Months,0)
A6: KPI | B6: Current month | C6: Prior month | D6: Variance | E6: Variance %
A7: Avg Length of Stay (days) | B7: =INDEX(Summary!$G$19:$G$30,$D$3) | C7: =INDEX(Summary!$G$19:$G$30,$D$4) | D7: =B7-C7 | E7: =IFERROR(D7/C7,0)
A8: Bed Occupancy Rate | B8: =INDEX(Summary!$F$19:$F$30,$D$3) | C8: =INDEX(Summary!$F$19:$F$30,$D$4) | D8: =B8-C8 | E8: =IFERROR(D8/C8,0)
A9: Admissions | B9: =INDEX(Summary!$B$19:$B$30,$D$3) | C9: =INDEX(Summary!$B$19:$B$30,$D$4) | D9: =B9-C9 | E9: =IFERROR(D9/C9,0)
A10: Discharges | B10: =INDEX(Summary!$C$19:$C$30,$D$3) | C10: =INDEX(Summary!$C$19:$C$30,$D$4) | D10: =B10-C10 | E10: =IFERROR(D10/C10,0)
A11: Billing Cycle Time (days) | B11: =INDEX(Summary!$H$19:$H$30,$D$3) | C11: =INDEX(Summary!$H$19:$H$30,$D$4) | D11: =B11-C11 | E11: =IFERROR(D11/C11,0)
A12: Claim Denial Rate | B12: =INDEX(Summary!$K$19:$K$30,$D$3) | C12: =INDEX(Summary!$K$19:$K$30,$D$4) | D12: =B12-C12 | E12: =IFERROR(D12/C12,0)
A13: Current = INDEX(Summary month-table column, row of latest month). Prior = same with EDATE(latest, -1).

Sheet Metric Definitions
A1: Metric Definitions
A2: Starter text. Rewrite every cell in your own words before this file goes anywhere near an application. Yellow cells are yours to edit.
A4: Metric | B4: Formula in words | C4: Why it matters operationally | D4: Common pitfall
A5: Average Length of Stay (days) | B5: Total bed days used in the period divided by discharges in the period. | C5: Drives bed capacity. A half-day reduction across a busy ward frees beds without building any. | D5: Averaging department averages instead of weighting by discharges. Also: including patients still in the bed (no discharge yet) distorts the numerator.
A6: Bed Occupancy Rate (%) | B6: Bed days used divided by bed days available (staffed beds x days in month). | C6: Too low wastes fixed cost; too high (above roughly 85-90%) means no slack for emergencies and longer ED waits. | D6: Using licensed beds instead of staffed beds in the denominator. Mid-month bed closures also break a fixed-capacity assumption.
A7: Admissions and Discharges (counts) | B7: Number of patients admitted, and number discharged, in the period. | C7: Throughput. When discharges lag admissions the census rises and occupancy climbs. | D7: Counting transfers between departments as new admissions, which double counts the patient at network level.
A8: Billing Cycle Time (days) | B8: Days from discharge date to the date the final bill is raised, averaged over discharges. | C8: Every day of delay is cash the hospital has not collected. Also a proxy for documentation quality. | D8: Measuring from admission instead of discharge, which mixes clinical LOS into a finance metric.
A9: Claim Denial Rate (%) | B9: Claims denied by the payer divided by claims submitted, in the period. | C9: Denied claims mean rework, delayed cash, and sometimes write-offs. Department-level rates point to coding or documentation gaps. | D9: Counting first-pass denials and final denials together. Many first-pass denials are overturned on resubmission.
